Kreis_code,afd2025_pct
01001,13.831710836331801
01002,10.9083070800862
01003,15.2865994750982
01004,22.2953776775648
01051,21.085988471748284
01053,19.1039886720987
01054,14.551615830602074
01055,17.616625624576788
01056,15.60301765977963
01057,15.659061807152977
01058,15.460302694803282
01059,15.823350888049907
01060,18.22939555842403
01061,19.48087905413539
01062,15.193610358706145
02000,10.8651326485721
03101,13.342822022384702
03102,26.337043048149
03103,20.622056891486903
03151,22.6353987721194
03153,21.285509536584463
03154,22.44490005848561
03155,19.82918634430581
03157,20.14342263782916
03158,17.408809550320957
03159,15.138854889771752
03241,14.859058980918165
03251,17.291322560675443
03252,20.89902308960359
03254,18.059977515829257
03255,22.339394035124567
03256,21.223198461014942
03257,19.876946243134306
03351,20.79035818099338
03352,19.47416081729361
03353,16.81149083834692
03354,16.84295770435201
03355,16.080415543471993
03356,17.274195118857847
03357,18.511612609389754
03358,20.73367533852013
03359,19.002660942492057
03360,19.502773483948975
03361,17.95991527358858
03401,23.6989534412473
03402,20.6317556931472
03403,10.415752121744202
03404,10.146611565237599
03405,21.479064709081
03451,16.140882363465057
03452,21.13389798248954
03453,24.17066793912102
03454,16.62017582911774
03455,18.723235177254878
03456,14.424473544781783
03457,21.875557089282584
03458,17.257645819895988
03459,16.918329533006773
03460,16.405127186473944
03461,19.946702440085552
03462,21.365007112551773
04011,13.503971455905399
04012,23.5298432199505
05111,11.3031418360271
05112,20.794313675862696
05113,17.0204846412507
05114,16.118632608301297
05116,18.0604675235056
05117,14.9661459395521
05119,21.4967941043446
05120,19.9281095211888
05122,17.4800233204157
05124,17.844380918349103
05154,16.04721065548906
05158,16.10958792964141
05162,15.415420876890519
05166,15.868169465467039
05170,17.589988557563732
05314,8.91746184939006
05315,10.0277264325323
05316,17.1586288963078
05334,14.965721817345603
05358,20.509855035216233
05362,16.311249655287963
05366,20.29708475653346
05370,20.129204265791625
05374,21.1862949190138
05378,13.267375306623066
05382,15.89473407609839
05512,21.051253708767202
05513,24.6616738930495
05515,6.85734691612418
05554,13.968219020319333
05558,12.99624872416856
05562,20.6266059669677
05566,14.48902378471372
05570,15.980860696972465
05711,14.4229545743733
05754,18.400893490219335
05758,21.47284163886434
05762,19.293000351741117
05766,22.126953718197335
05770,21.534693621230115
05774,18.94387368310981
05911,15.2208305249757
05913,16.8171163376072
05914,21.652638822719798
05915,21.165314200373903
05916,21.7313187018853
05954,17.649752838745332
05958,16.720874141207453
05962,22.27073476959436
05966,17.20459453686784
05970,20.277850871947003
05974,18.90695096849104
05978,19.555901508344974
06411,10.294906765639698
06412,9.9830591898172
06413,14.7555769346401
06414,14.086774585793
06431,20.14763484817931
06432,16.87965291962795
06433,16.932158046863236
06434,13.501127675978696
06435,21.274468489460666
06436,13.674882224520271
06437,21.748898756346524
06438,15.977893388085281
06439,16.462408774884473
06440,19.226059922062994
06531,18.070250458155165
06532,23.461633737940453
06533,20.949313702936905
06534,18.179356083125246
06535,23.956137894442072
06611,14.2137049285358
06631,23.545145768468718
06632,24.699279360279
06633,19.33786948089434
06634,23.541779765443916
06635,23.07331210711078
06636,21.520515514024545
07111,14.3149127120728
07131,15.381080864873798
07132,22.487382120137074
07133,20.42930640001626
07134,26.049989537609857
07135,18.517285112510987
07137,19.782052337161208
07138,21.227716545317907
07140,21.53552809197543
07141,20.28092456384009
07143,20.894912732737094
07211,13.881445657146598
07231,18.01668565756763
07232,17.001552385267644
07233,18.58532198852376
07235,16.476135982639942
07311,25.9274308236155
07312,24.8254250730216
07313,14.7313397372798
07314,24.314072925607
07315,8.39845273189525
07316,19.906372697070402
07317,31.899824090362
07318,21.148677323525302
07319,25.1328082066313
07320,27.8062621335059
07331,23.31123854910901
07332,20.29656371455925
07333,25.73779213969465
07334,24.948046946088212
07335,27.212529359241092
07336,26.898572739112677
07337,19.822405679310105
07338,21.149153597357294
07339,15.299539925730764
07340,24.696779800110306
08111,11.442180400609402
08115,17.523412824296923
08116,17.095652633735874
08117,23.265405991121675
08118,17.911806018081947
08119,20.042359168056105
08121,23.560413129598203
08125,24.991624790619774
08126,25.958308272331195
08127,24.58622165169019
08128,21.59978842593707
08135,25.063363196486915
08136,21.97576643860658
08211,18.4701995685005
08212,13.5112752837439
08215,20.56386467544912
08216,23.479800708325847
08221,8.91392487650294
08222,17.556820793685198
08225,25.45062358731944
08226,18.955377401300858
08231,29.267930689028198
08235,25.468160735185737
08236,23.59614531267006
08237,25.67183383727423
08311,8.83960632096181
08315,15.148526831629264
08316,16.463659100021005
08317,22.13109306771226
08325,26.188477405737327
08326,24.4203913578675
08327,28.048177726906157
08335,18.32057475389964
08336,18.806422780733733
08337,21.493526997158195
08415,21.01133285556381
08416,13.67571254773173
08417,27.102601351656197
08421,13.959309602118898
08425,22.301509074221006
08426,23.45672797369233
08435,18.285584010943086
08436,19.252972671929168
08437,25.539118460780465
09161,20.1670201877865
09162,9.34620368900112
09163,17.776013678553998
09171,24.02840678272121
09172,21.236246385001508
09173,17.414284808923263
09174,16.435001323801956
09175,14.215586241298785
09176,20.934748985358937
09177,18.847731869401898
09178,16.213924328032554
09179,13.51581238170409
09180,17.050488778237487
09181,16.098928482432086
09182,16.854112339417984
09183,24.320849873564363
09184,11.738148984198634
09185,23.715525002045997
09186,22.065891376347842
09187,19.94614611877574
09188,11.341536368221648
09189,19.526542580772052
09190,16.825622294372284
09261,17.5202638778798
09262,18.007114955357103
09263,25.009051047910205
09271,28.261371507734943
09272,30.345236048222233
09273,24.118927928170123
09274,23.125559316758093
09275,27.65017027751612
09276,31.289276302452876
09277,24.164266272032986
09278,26.087995816837232
09279,28.81478921907396
09361,24.369577556150197
09362,14.4390122168404
09363,24.620649843311902
09371,22.737632586272383
09372,29.12441959632333
09373,20.90371142902488
09374,24.71659250640714
09375,21.9508400746733
09376,27.437102802759828
09377,23.570397856112148
09461,14.773229599504901
09462,16.9121052144114
09463,17.937818800097197
09464,23.070222738396403
09471,24.782047463012606
09472,21.197839960726565
09473,22.866657416400713
09474,19.02638995644377
09475,23.623345347578027
09476,23.819348402747874
09477,21.904187381690342
09478,23.621227887617067
09479,25.679893000445848
09561,23.115320619480396
09562,11.164489739536199
09563,17.226258357694903
09564,15.523429938805497
09565,18.253189401373902
09571,21.867079342507008
09572,16.38511118624105
09573,18.635930702499536
09574,16.89357157600941
09575,21.206536803789284
09576,19.52078928823115
09577,20.252807122450342
09661,18.6670259148582
09662,25.624511373366598
09663,11.884097672739001
09671,19.155744261891577
09672,22.266482517990838
09673,22.601199400299855
09674,24.366819797174312
09675,19.145911130905482
09676,20.881601468508926
09677,17.811535722762873
09678,21.060227302012724
09679,14.706884187880965
09761,17.502626139405603
09762,23.951291032011103
09763,20.167668459348302
09764,22.863613057597004
09771,20.28065109248628
09772,20.100477761907097
09773,25.81563317484083
09774,25.33729488824363
09775,21.715536020665866
09776,16.161173329082153
09777,18.726221438858207
09778,23.78767393086415
09779,19.938704130452585
09780,17.19015816539803
10041,20.941398845249296
10042,21.59128529314395
10043,24.35101969189887
10044,21.82677294765388
10045,21.47219121413094
10046,19.270956216926766
11000,15.233904735133999
12051,29.641337951233098
12052,34.002762907960594
12053,32.027869686943205
12054,16.8727861376315
12060,32.1486626485951
12061,32.23105611525861
12062,40.70903635295813
12063,30.310843687507308
12064,35.297013826731174
12065,30.942637204916092
12066,41.17349446392989
12067,36.33470803360257
12068,35.20416715393186
12069,25.311345051205294
12070,37.53033933902163
12071,43.02811702550728
12072,31.63631543794413
12073,38.18314294471147
13003,23.396171493791503
13004,27.111111111111104
13071,39.052982878750285
13072,35.2115714290619
13073,38.026997644553255
13074,33.470729370616965
13075,40.46472138788252
13076,36.568206575984206
14511,32.6647206872404
14521,45.39201689636716
14522,42.88206998157832
14523,40.60272726626731
14524,40.26482969766551
14612,26.722630189860503
14625,45.399772253681945
14626,46.67779187952359
14627,43.620548401136745
14628,46.52828744738641
14713,21.867688232168202
14729,38.47821007127002
14730,42.76817871705778
15001,32.8665411545703
15002,25.3811009749616
15003,27.993849234730398
15081,35.81179486183661
15082,41.157136841240344
15083,40.05110888016793
15084,42.82544240774237
15085,36.4189791386577
15086,37.42482705878265
15087,44.26965743644818
15088,41.395399854874356
15089,42.42600884979201
15090,38.454538783297885
15091,37.75912566088932
16051,27.2415173348113
16052,40.5455821513002
16053,18.911633142755598
16054,37.392379556695396
16055,24.186231003792997
16061,34.99124240250891
16062,38.997901050733866
16063,40.614020453128546
16064,39.70925636829216
16065,44.83825612246273
16066,41.58249072231521
16067,40.568016775447674
16068,44.2242418710804
16069,46.82918199870082
16070,40.56517466023331
16071,40.56013199194138
16072,45.81919239923336
16073,44.01342448677532
16074,38.69462138344831
16075,46.06698000956073
16076,43.72046231153844
16077,45.766625040673595
