moderator,sample,model,coef,moderator_mean,moderator_sd,N,beta,SE_Kreis,p_Kreis,G_Kreis,WCB_p_Kreis,SE_shelter,p_shelter,G_shelter,WCB_p_shelter
Municipal foreign share (Zensus 2022),Germany,Land FE,ln_distance,6.992799404170803,5.206576984449968,10070,0.16879462279112908,0.27769978582341825,0.5436826088531763,361,0.5654,0.26174326657053143,0.5200341686033096,144,0.5747
Municipal foreign share (Zensus 2022),Germany,Land FE,ln_distance:Z,6.992799404170803,5.206576984449968,10070,-0.3045482472728183,0.14555426393547102,0.03710847801055508,361,0.0492,0.14874974127480606,0.042450685981371694,144,0.0771
Municipal foreign share (Zensus 2022),Germany,Kreis FE,ln_distance,6.992799404170803,5.206576984449968,10070,0.03305035273213303,0.1864029560995929,0.8593677949029174,361,0.8516,0.1942147150904366,0.8651135875397462,144,0.8694
Municipal foreign share (Zensus 2022),Germany,Kreis FE,ln_distance:Z,6.992799404170803,5.206576984449968,10070,-0.041568651739122116,0.1122342276634021,0.7113215805149496,361,0.7245,0.12455398182635767,0.7390646181956267,144,0.7471
Municipal foreign share (Zensus 2022),West,Land FE,ln_distance,8.089752777777779,5.124265609836093,7920,-0.3259143535202328,0.2821626388517064,0.24901080274283652,293,0.2893,0.25288187468360696,0.20003172236579597,117,0.2673
Municipal foreign share (Zensus 2022),West,Land FE,ln_distance:Z,8.089752777777779,5.124265609836093,7920,0.06933761096393491,0.16971477176965497,0.6831666098131267,293,0.7013,0.14788710607647948,0.6400532202254927,117,0.6587
Municipal foreign share (Zensus 2022),West,Kreis FE,ln_distance,8.089752777777779,5.124265609836093,7920,-0.11117347141895798,0.19948840279811592,0.5777542545745284,293,0.5784,0.21609968899022092,0.6079129913619011,117,0.6386
Municipal foreign share (Zensus 2022),West,Kreis FE,ln_distance:Z,8.089752777777779,5.124265609836093,7920,0.05455637419582102,0.14185019218111816,0.7008096244293944,293,0.7127,0.1694886594302057,0.7481168438624545,117,0.7674
Municipal foreign share (Zensus 2022),East,Land FE,ln_distance,2.9519293023255817,3.079548493497644,2150,1.37717939543262,0.4746825862910206,0.005024179991509787,68,0.0248,0.3618826635889021,0.0005004547879406585,39,0.0166
Municipal foreign share (Zensus 2022),East,Land FE,ln_distance:Z,2.9519293023255817,3.079548493497644,2150,0.2680719534659591,0.17918896009347637,0.13934186727146758,68,0.2367,0.23149133035675945,0.2540819008893333,39,0.4383
Municipal foreign share (Zensus 2022),East,Kreis FE,ln_distance,2.9519293023255817,3.079548493497644,2150,0.030305604069692196,0.3970229443696266,0.9393823492180181,68,0.94,0.41048299956770845,0.9415336195440526,39,0.9502
Municipal foreign share (Zensus 2022),East,Kreis FE,ln_distance:Z,2.9519293023255817,3.079548493497644,2150,0.28297783928131653,0.1355294176962561,0.04060769481148572,68,0.0773,0.15630334027299053,0.07814029422349082,39,0.1898
District foreign share (INKAR 2021),Germany,Land FE,ln_distance,8.981602780536246,3.9221955040342316,10070,0.10542998025486366,0.2745231406273704,0.7011698280621825,361,0.7161,0.25580507988020507,0.6808468984221565,144,0.7149
District foreign share (INKAR 2021),Germany,Land FE,ln_distance:Z,8.981602780536246,3.9221955040342316,10070,-0.6062660753698915,0.22594793010461175,0.007628402844844833,361,0.0149,0.18288977293959574,0.0011617205904190758,144,0.0038
District foreign share (INKAR 2021),Germany,Kreis FE,ln_distance,8.981602780536246,3.9221955040342316,10070,0.039589693062975766,0.18154604373436123,0.8274983543514638,361,0.8177,0.18783170769383245,0.8333651197097669,144,0.8378
District foreign share (INKAR 2021),Germany,Kreis FE,ln_distance:Z,8.981602780536246,3.9221955040342316,10070,0.03908814703232662,0.17543469385338764,0.8238117734500014,361,0.8285,0.17053612021650447,0.819035186861348,144,0.8201
District foreign share (INKAR 2021),West,Land FE,ln_distance,10.266003787878788,3.398952120447771,7920,-0.35464555535356235,0.2734625023749437,0.19569944462136574,293,0.2351,0.24182923071821477,0.14521450753312554,117,0.219
District foreign share (INKAR 2021),West,Land FE,ln_distance:Z,10.266003787878788,3.398952120447771,7920,0.10795405979847289,0.2320667109702133,0.6421453747008603,293,0.6775,0.15688303430290193,0.49275215963492386,117,0.5337
District foreign share (INKAR 2021),West,Kreis FE,ln_distance,10.266003787878788,3.398952120447771,7920,-0.0492334520054567,0.1811898531871285,0.7860270214482169,293,0.7846,0.1837338783827371,0.7892054992279225,117,0.7963
District foreign share (INKAR 2021),West,Kreis FE,ln_distance:Z,10.266003787878788,3.398952120447771,7920,0.5440528641881385,0.17345158474556882,0.0018834362970573798,293,0.002,0.16959507070878063,0.0017284138416161444,117,0.0029
District foreign share (INKAR 2021),East,Land FE,ln_distance,4.250227906976744,1.0152877006487786,2150,1.3415507907146755,0.4669057141097197,0.0054369463121399855,68,0.0258,0.3380186752682253,0.0003096852284961682,39,0.0144
District foreign share (INKAR 2021),East,Land FE,ln_distance:Z,4.250227906976744,1.0152877006487786,2150,0.1603848694088952,0.4790555952388977,0.7388264777295631,68,0.8455,0.3909896820873065,0.6839611815403147,39,0.7205
District foreign share (INKAR 2021),East,Kreis FE,ln_distance,4.250227906976744,1.0152877006487786,2150,0.008851830720727497,0.410954934035711,0.9828791848468014,68,0.9819,0.3975690115431846,0.9823531603354088,39,0.9838
District foreign share (INKAR 2021),East,Kreis FE,ln_distance:Z,4.250227906976744,1.0152877006487786,2150,-0.4661310798392255,0.24170452649619853,0.05802943003012475,68,0.0364,0.27986058994249796,0.10402087259460453,39,0.1582
