check,N,beta,SE_Kreis,p_Kreis,G_Kreis,WCB_p_Kreis,SE_shelter,p_shelter,G_shelter,WCB_p_shelter
"Baseline: West, Kreis FE",7920,0.5440528641881385,0.17345158474556882,0.0018834362970573798,293,0.002,0.16959507070878063,0.0017284138416161444,117,0.0029
Land FE instead of Kreis FE,7920,0.10795405979847289,0.2320667109702133,0.6421453747008603,293,0.6775,0.15688303430290193,0.49275215963492386,117,0.5337
+ ln_distance x unemployment_rate_2021,7920,0.49212443450255833,0.16341188343445567,0.002826451710778418,293,0.0034,0.15187544636724135,0.0015582747595386073,117,0.0024
+ ln_distance x tertiary_education_share_2022,7920,0.4937758950724356,0.18796598745222756,0.009070457383577785,293,0.0134,0.18635995260734495,0.00918303904073516,117,0.0135
+ ln_distance x purchasing_power_pc_2021,7920,0.5354671329833581,0.17105256870160562,0.0019223267105739701,293,0.0023,0.16603067576813918,0.0016361710047559346,117,0.003
+ ln_distance x urban_dummy,7920,0.5603585996352539,0.17379820941209484,0.001406527046578116,293,0.0015,0.1699607900470056,0.0012974157088169055,117,0.0025
+ ln_distance x ln_population_2021,7920,0.47671477320646116,0.16678651910011683,0.00456659591465735,293,0.0049,0.15804705317225867,0.0031450058429999712,117,0.0052
+ ln_distance x population_density_2021,7920,0.5543243873038584,0.1769868505345607,0.0019123215229168362,293,0.002,0.16894589963457562,0.0013662031654693057,117,0.0027
+ ln_distance x foreign_share_zensus2022,7920,0.6220928684294914,0.19013873807659426,0.0011969198736577853,293,0.0012,0.20447685147840888,0.002903438288212375,117,0.0052
+ ln_distance x share_65plus_2021,7920,0.5212869617338719,0.17557205375163792,0.0032346492194140776,293,0.0032,0.17718377676219815,0.003937623901974603,117,0.005
+ ln_distance x turnout_2021_pct,7920,0.5462155235983476,0.17359207647354946,0.0018227431600504767,293,0.0019,0.16764044767498454,0.0014708250846272777,117,0.0027
+ ln_distance x net_migration_rate_2021,7920,0.5422761789909127,0.17468732382674954,0.0020946318932363573,293,0.0026,0.17059185625739703,0.001896371785244723,117,0.0031
+ all 10 competing interactions,7920,0.5010186738762025,0.19071809669002465,0.009068663588501391,293,0.0108,0.20513494236714958,0.01609909907821694,117,0.028
"Without post-treatment controls (Zensus migration shares, turnout)",7920,0.6461782300965324,0.20541732853682104,0.0018279404438428745,293,0.0017,0.22413893110028557,0.0046965153799973245,117,0.009
Population-weighted (WLS),7920,0.396962878053487,0.12943426761722684,0.002365513564112831,293,,0.12018107593928908,0.0012721109249815205,117,
Distance in km instead of log,7920,0.022629696905773128,0.008858853197194885,0.011142382513264062,293,0.0215,0.008491161315536242,0.008793802293004792,117,0.0277
Exclude coarse coordinates,7498,0.5283083672269342,0.17877929910280055,0.003386854006070588,286,0.0047,0.1802918668394239,0.004132984792369042,109,0.0067
Exclude sensitivity cases,7806,0.5347990385003027,0.17373662423132794,0.002282393414677019,290,0.0027,0.1695412943720805,0.0020567438791188157,115,0.0025
Drop Land 01 (n=1011),6909,0.3161592790770744,0.16769765857486174,0.06042926204844102,280,0.0617,0.16864775158579567,0.0635649424605975,108,0.0757
Drop Land 03 (n=935),6985,0.5640816410591768,0.1823519009190317,0.0022036826436732304,251,0.0031,0.17098936211931556,0.0013185101539415806,108,0.0015
Drop Land 05 (n=364),7556,0.5295131516750115,0.17893472821217266,0.0033810883403235926,250,0.0038,0.1754484240027605,0.0032996213991396306,92,0.0051
Drop Land 06 (n=413),7507,0.5167789432347345,0.1810632629379964,0.004652451276250986,269,0.0064,0.17571185635754555,0.003962070143898831,115,0.005
Drop Land 07 (n=2021),5899,0.6351028317700358,0.1994893717769351,0.0016328205212035494,259,0.0028,0.19700436577726899,0.0016465802294020771,116,0.0031
Drop Land 08 (n=1090),6830,0.38907301539641365,0.17267210045252654,0.025107271667338376,252,0.03,0.17213604827212287,0.025755583925346055,112,0.0325
Drop Land 09 (n=2034),5886,0.7221943425448248,0.21203295164734007,0.0007944505792003163,204,0.0007,0.18450310119027188,0.00017600509552770632,91,0.0004
Drop Land 10 (n=51),7869,0.5523077019040528,0.17424825883956196,0.001691767835044541,287,0.0022,0.16958168731587756,0.0014806492550370621,116,0.0027
