outcome,spec,sample,model,N,beta,SE_Kreis,p_Kreis,G_Kreis,WCB_p_Kreis,SE_shelter,p_shelter,G_shelter,WCB_p_shelter
Change AfD 2021-25,ln_distance,Germany,Land FE,10069,-0.09088727679317066,0.09529804429898785,0.34086730674492505,361,0.3721,0.08926535833679329,0.3103168615486675,144,0.3464
Change AfD 2021-25,ln_distance,Germany,Kreis FE,10069,0.021702816520685234,0.08695962781865563,0.8030595555419612,361,0.8098,0.09140080927178568,0.8126501491968497,144,0.8332
Change AfD 2021-25,ln_distance,West,Land FE,7919,-0.1003311704431481,0.11571882042122006,0.38663993833277144,293,0.4078,0.10992509958896779,0.36328127936948723,117,0.405
Change AfD 2021-25,ln_distance,West,Kreis FE,7919,0.02907575250159956,0.10430384292582764,0.7806262294268059,293,0.7814,0.11519650038680655,0.801177544677945,117,0.8321
Change AfD 2021-25,ln_distance,East,Land FE,2150,-0.10146702211498831,0.14017612586681322,0.47167538850828694,68,0.5581,0.13348831650726795,0.4518739037247389,39,0.537
Change AfD 2021-25,ln_distance,East,Kreis FE,2150,-0.0831069660653397,0.15147269998167046,0.5850627551681566,68,0.5978,0.11461010986513508,0.4728156509890691,39,0.5324
Change AfD 2021-25,ln_distance,East excl. MV,Land FE,1500,-0.05953100527510291,0.12552557458139887,0.6370402457937947,61,0.6544,0.1350069938691343,0.6618878003269704,37,0.6874
Change AfD 2021-25,ln_distance,East excl. MV,Kreis FE,1500,-0.0029591070005186015,0.18011085909925956,0.9869463641404955,61,0.9856,0.1309205097748458,0.9820923130589809,37,0.9823
Change AfD 2021-25,H3: ln_distance x district foreign share,West,Kreis FE,7919,0.19524801624638738,0.1029568654683278,0.05889328482395452,293,0.0696,0.10722516271090614,0.0711971223427321,117,0.0888
Change AfD 2021-25,n_centres_50km,West,Land FE,7919,0.08956490128654955,0.02855143628749022,0.001881326027584604,293,0.0047,0.03139011110911318,0.005125570912382146,117,0.0166
Change AfD 2021-25,n_centres_50km,West,Kreis FE,7919,0.04528211872609467,0.0325315882235239,0.1649989194369529,293,0.1643,0.02582935262220676,0.0822220259571098,117,0.0821
Change AfD 2017-25,ln_distance,Germany,Land FE,10070,0.1639433751633295,0.11123022248104024,0.14137960672276847,361,0.1619,0.11247913831284194,0.14715863871104845,144,0.1732
Change AfD 2017-25,ln_distance,Germany,Kreis FE,10070,0.2033909854192382,0.1261388924610043,0.10774319883431768,361,0.1109,0.12247546555286101,0.09897140545443242,144,0.1096
Change AfD 2017-25,ln_distance,West,Land FE,7920,0.15514695312009275,0.12069940060253416,0.1996712356821828,293,0.221,0.14405092799134883,0.28370230818769815,117,0.3124
Change AfD 2017-25,ln_distance,West,Kreis FE,7920,0.15764838324232006,0.1342897903763007,0.2413749644498884,293,0.2515,0.15276740824597249,0.30424212375007903,117,0.3462
Change AfD 2017-25,ln_distance,East,Land FE,2150,-0.043481577208380834,0.27273211710426415,0.8738100455920327,68,0.8853,0.21636069536094873,0.8417954326900895,39,0.8479
Change AfD 2017-25,ln_distance,East,Kreis FE,2150,-0.039141906023464026,0.3255267942476663,0.9046515086918591,68,0.9145,0.19452039338790322,0.8415977424999104,39,0.8405
Change AfD 2017-25,ln_distance,East excl. MV,Land FE,1500,-0.11542427297911018,0.32397304911158115,0.722882616255232,61,0.7472,0.2989807147632831,0.7017250098444192,37,0.7272
Change AfD 2017-25,ln_distance,East excl. MV,Kreis FE,1500,0.01834598990416414,0.28625646819213385,0.949112132135876,61,0.95,0.25940562607766726,0.9440095032505652,37,0.9474
Change AfD 2017-25,H3: ln_distance x district foreign share,West,Kreis FE,7920,0.2284080548592249,0.12191203615928138,0.06199145705962471,293,0.075,0.13133183181274066,0.08465809876746484,117,0.1062
Change AfD 2017-25,n_centres_50km,West,Land FE,7920,-0.01825914827700706,0.035653178164733894,0.6089454613591543,293,0.6297,0.034734648899006064,0.6001172653792567,117,0.6359
Change AfD 2017-25,n_centres_50km,West,Kreis FE,7920,0.01232594393567351,0.040350910767438575,0.7602267789401963,293,0.7588,0.03443619111298673,0.721041881164162,117,0.7353
Placebo: AfD 2013 level,ln_distance,Germany,Land FE,10070,-0.03938424777550281,0.06673361802089524,0.5554462543891583,361,0.5732,0.06512975266921606,0.5463337346458723,144,0.5737
Placebo: AfD 2013 level,ln_distance,Germany,Kreis FE,10070,-0.15574570943395855,0.06582003762280968,0.018498917339859734,361,0.0193,0.06527855147713457,0.01834869095811638,144,0.0283
Placebo: AfD 2013 level,ln_distance,West,Land FE,7920,-0.06526260633619169,0.06808510030579829,0.3385811863962791,293,0.3551,0.06944311638487297,0.3492732753503196,117,0.3797
Placebo: AfD 2013 level,ln_distance,West,Kreis FE,7920,-0.058499538854765734,0.06889939929007145,0.39654493730400164,293,0.3961,0.073312932076904,0.42653406968248847,117,0.4614
Placebo: AfD 2013 level,ln_distance,East,Land FE,2150,0.06236553230369197,0.16759458690821175,0.7109768839762919,68,0.7474,0.15487677873155395,0.6894413080909223,39,0.7703
Placebo: AfD 2013 level,ln_distance,East,Kreis FE,2150,-0.3813773761362138,0.15139576653418604,0.014158937722251201,68,0.0225,0.1103814620741398,0.0013678989611881837,39,0.0034
Placebo: AfD 2013 level,ln_distance,East excl. MV,Land FE,1500,-0.2192985688669432,0.20574749092129976,0.29075607512783,61,0.3634,0.1731333552202613,0.213416264906022,37,0.3016
Placebo: AfD 2013 level,ln_distance,East excl. MV,Kreis FE,1500,-0.5149699342717662,0.15245125288926045,0.0012873788341540636,61,0.0036,0.12853035113595165,0.0002957298308015433,37,0.0022
Placebo: AfD 2013 level,H3: ln_distance x district foreign share,West,Kreis FE,7920,-0.08644420668687272,0.07685241697104889,0.2615941853223382,293,0.2879,0.07239629294848303,0.23489760322386746,117,0.2728
Placebo: AfD 2013 level,n_centres_50km,West,Land FE,7920,0.10136767670383787,0.020317138875648608,1.0425763401173788e-06,293,0.0001,0.019534324184299113,9.086074534466674e-07,117,0.0001
Placebo: AfD 2013 level,n_centres_50km,West,Kreis FE,7920,0.03331895207584138,0.01911362590617551,0.08235053367727303,293,0.0798,0.01959072534705711,0.09166906362363968,117,0.1235
Placebo: NPD 2013 level,ln_distance,Germany,Land FE,10070,0.07627010018975304,0.0567717150230138,0.17997172755622495,361,0.2434,0.050243534211552886,0.1312200281807631,144,0.1918
Placebo: NPD 2013 level,ln_distance,Germany,Kreis FE,10070,0.02955593598959009,0.028581639451752155,0.301789085711758,361,0.291,0.020321567876432595,0.14802347999607568,144,0.1628
Placebo: NPD 2013 level,ln_distance,West,Land FE,7920,-0.004331180251361658,0.037659336872954655,0.9085166639336002,293,0.9173,0.029374429020592625,0.883034948848414,117,0.9015
Placebo: NPD 2013 level,ln_distance,West,Kreis FE,7920,0.009902792933800215,0.02238109832293129,0.6584822430924689,293,0.6582,0.015930793575500198,0.5354159262348571,117,0.5348
Placebo: NPD 2013 level,ln_distance,East,Land FE,2150,0.19297815205364952,0.1469651653147602,0.19363294271596632,68,0.3752,0.1473622253681054,0.19821096888068634,39,0.3265
Placebo: NPD 2013 level,ln_distance,East,Kreis FE,2150,-0.07619391663765228,0.12311456685086357,0.5380898929397665,68,0.5868,0.06876036925406916,0.27477979560939303,39,0.3063
Placebo: NPD 2013 level,ln_distance,East excl. MV,Land FE,1500,0.1811954064471592,0.08128093544650265,0.02955328217101669,61,0.0326,0.05904023506310789,0.004067203736753186,37,0.0044
Placebo: NPD 2013 level,ln_distance,East excl. MV,Kreis FE,1500,-0.01769901164386392,0.10395741755888528,0.8653843437390549,61,0.8678,0.0851843228240341,0.8365770810720334,37,0.8428
Placebo: NPD 2013 level,H3: ln_distance x district foreign share,West,Kreis FE,7920,0.04492421374696168,0.02641289231563832,0.09003687633977575,293,0.109,0.022641979513040845,0.049604780014298404,117,0.0607
Placebo: NPD 2013 level,n_centres_50km,West,Land FE,7920,0.020160298222908914,0.0068100607589393364,0.003324712846298822,293,0.0054,0.00817855613327815,0.015165331743912606,117,0.0265
Placebo: NPD 2013 level,n_centres_50km,West,Kreis FE,7920,0.015483156651317092,0.008611343934086987,0.07321061815879425,293,0.0798,0.007529033213468342,0.041981471907377,117,0.0629
