sample,model,term,year,N,beta,SE_Kreis,p_Kreis,G_Kreis,WCB_p_Kreis,SE_shelter,p_shelter,G_shelter,WCB_p_shelter,mean_afd
Germany,Land FE,ln_distance,2013,10069,-0.03950220225446537,0.06673394515566632,0.5542652222693439,361,0.5722,0.06513680350543181,0.5451776425435457,144,0.5729,4.714716851882713
Germany,Land FE,ln_distance,2017,10069,0.011389605761064766,0.23871565100463793,0.961972212342776,361,0.967,0.21594436570034675,0.9580100942234627,144,0.9655,13.684531033420116
Germany,Land FE,ln_distance,2021,10069,0.27953918212071,0.22260210749749734,0.21001030415756902,361,0.2622,0.22076058985974173,0.2074806669735463,144,0.2856,12.496935593332536
Germany,Land FE,ln_distance,2025,10069,0.18865190532753828,0.2832591974860236,0.5058347438944616,361,0.5322,0.2695968894155851,0.48521677764436505,144,0.5425,25.045698348160606
Germany,Kreis FE,ln_distance,2013,10069,-0.15594109694588962,0.06584624226537157,0.01839952377109894,361,0.0193,0.06535043948152167,0.018331189964677606,144,0.0283,4.714716851882713
Germany,Kreis FE,ln_distance,2017,10069,-0.16919878667443958,0.12474956377321109,0.17585131848630162,361,0.1706,0.1101499471678439,0.12672917923759322,144,0.1282,13.684531033420116
Germany,Kreis FE,ln_distance,2021,10069,0.01258934474685783,0.13435093201610632,0.9253956823531108,361,0.9232,0.1321595395485799,0.9242427101808266,144,0.924,12.496935593332536
Germany,Kreis FE,ln_distance,2025,10069,0.034292161267542455,0.18700164811884273,0.8546039472966711,361,0.8453,0.19453303321948356,0.8603238655893349,144,0.8619,25.045698348160606
West,Land FE,ln_distance,2013,7919,-0.06537027738806368,0.06807054449268221,0.33768299558297415,293,0.3541,0.06943551773721444,0.34842923609955256,117,0.3789,4.402281649164819
West,Land FE,ln_distance,2017,7919,-0.5074126709753001,0.20151532390253146,0.012337672662415323,293,0.0208,0.16495034244670034,0.0026159394537447218,117,0.0116,10.970035784108005
West,Land FE,ln_distance,2021,7919,-0.22968785149354318,0.18440134608625225,0.21391473096611704,293,0.2605,0.1632438562908505,0.16209427779564325,117,0.2346,9.216804357165739
West,Land FE,ln_distance,2025,7919,-0.3300190219366911,0.2855431515792381,0.2487246058008026,293,0.2865,0.2581223769012559,0.20361225961875126,117,0.2713,20.526815863486174
West,Kreis FE,ln_distance,2013,7919,-0.058628864340644425,0.06890701908631969,0.3955552733216786,293,0.3954,0.07335156841673766,0.4257583438484737,117,0.4602,4.402281649164819
West,Kreis FE,ln_distance,2017,7919,-0.2696837812563923,0.10928332941890397,0.014169867612344131,293,0.0139,0.10190140376051536,0.009261784813564536,117,0.0095,10.970035784108005
West,Kreis FE,ln_distance,2021,7919,-0.14349351036029528,0.12377023123791048,0.24725908510086372,293,0.2538,0.13096588959491762,0.27549910026456653,117,0.2946,9.216804357165739
West,Kreis FE,ln_distance,2025,7919,-0.114417757858696,0.20170680855297662,0.5709816091714802,293,0.5705,0.21963705114097276,0.6034014929184349,117,0.6359,20.526815863486174
East,Land FE,ln_distance,2013,2150,0.06236553230369197,0.16759458690821175,0.7109768839762919,68,0.7474,0.15487677873155395,0.6894413080909223,39,0.7703,5.865495628777131
East,Land FE,ln_distance,2017,2150,1.4404689139795048,0.46172716379534995,0.002669185947968121,68,0.0127,0.29112193162435906,1.5616296280427768e-05,39,0.001,23.682711442398087
East,Land FE,ln_distance,2021,2150,1.4652504942529232,0.42254248960469887,0.0009216704987757897,68,0.0112,0.3392814854004442,0.00010850551078647042,39,0.0055,24.578498039474333
East,Land FE,ln_distance,2025,2150,1.363783472137934,0.47093651553795707,0.005101028860222939,68,0.0256,0.35852386274097453,0.0005029611687162692,39,0.0171,41.68989853241031
East,Kreis FE,ln_distance,2013,2150,-0.3813773761362138,0.15139576653418604,0.014158937722251201,68,0.0225,0.1103814620741398,0.0013678989611881837,39,0.0034,5.865495628777131
East,Kreis FE,ln_distance,2017,2150,0.06342410166619242,0.3924472291065206,0.8720979335796263,68,0.8686,0.3461282979158482,0.8555849383751214,39,0.865,23.682711442398087
East,Kreis FE,ln_distance,2021,2150,0.09020640995762348,0.37805675235274694,0.8121398208029156,68,0.8126,0.38890979298329814,0.8178238705377069,39,0.8266,24.578498039474333
East,Kreis FE,ln_distance,2025,2150,0.007099443892284368,0.4039443411928177,0.9860298930453876,68,0.9871,0.40766514504319784,0.9861967481767834,39,0.9889,41.68989853241031
West,Kreis FE (H3),ln_distance:Z,2013,7919,-0.08645455242037949,0.07686111054895617,0.26159106310883506,293,0.2879,0.07241067948489799,0.23493436856240618,117,0.2726,4.402281649164819
West,Kreis FE (H3),ln_distance:Z,2017,7919,0.2775153276261472,0.10723814112620698,0.010140901745500749,293,0.0132,0.09797468913147711,0.005447055889632846,117,0.01,10.970035784108005
West,Kreis FE (H3),ln_distance:Z,2021,7919,0.3487875836929488,0.09493544128018434,0.00028405708470421336,293,0.0006,0.0944883321863267,0.0003414055081192751,117,0.0019,9.216804357165739
West,Kreis FE (H3),ln_distance:Z,2025,7919,0.5440355999393365,0.17344709070862482,0.0018835497552753234,293,0.002,0.16957870279142792,0.0017272680909319893,117,0.003,20.526815863486174
West,Land FE (density),n_centres_50km,2013,7919,0.10145231266343686,0.020310559111306012,1.0142041330217412e-06,293,0.0001,0.019540596283043905,8.981167763088174e-07,117,0.0001,4.402281649164819
West,Land FE (density),n_centres_50km,2017,7919,0.2814673955626762,0.042946205982143264,2.531339134686359e-10,293,0.0001,0.048882706220422074,7.093842341189109e-08,117,0.0001,10.970035784108005
West,Land FE (density),n_centres_50km,2021,7919,0.17365627945802092,0.03853436211922082,9.545436190301715e-06,293,0.0001,0.04021555110193526,3.3332346945615655e-05,117,0.0003,9.216804357165739
West,Land FE (density),n_centres_50km,2025,7919,0.2632211807445706,0.06304648091145493,3.936770616808776e-05,293,0.0005,0.06752525667631992,0.0001627668890694569,117,0.0011,20.526815863486174
