change,spec,N,beta,SE_Kreis,p_Kreis,G_Kreis,WCB_p_Kreis,SE_shelter,p_shelter,G_shelter,WCB_p_shelter
2013->2017,West Kreis FE: H3 interaction,7919,0.36396988004652636,0.1016718311671587,0.0004024702725703353,293,0.0002,0.0991695936211926,0.0003677128413215877,117,0.0005
2013->2017,West Land FE: ln_distance,7919,-0.4420423935872365,0.1862504857287095,0.018273478216216645,293,0.0266,0.14568477076171552,0.002976788199512531,117,0.012
2013->2017,West Kreis FE: ln_distance,7919,-0.21105491691574849,0.10432692740228498,0.04398262766602666,293,0.046,0.09866727150638523,0.03452750629863665,117,0.0429
2013->2017,East Land FE: ln_distance,2150,1.3781033816758135,0.37483708855889264,0.0004720927056007395,68,0.0029,0.23977010964536544,1.2636472193919992e-06,39,0.0004
2013->2017,East excl. MV Land FE: ln_distance,1500,1.0505646557965278,0.4181845368870984,0.01470523168499762,61,0.0254,0.2943097348255493,0.0010359725233889245,37,0.0015
2013->2017,East Kreis FE: ln_distance,2150,0.44480147780240675,0.34532868284841467,0.20215851900735482,68,0.1968,0.3199104749118438,0.17249976656950097,39,0.1633
2013->2021,West Kreis FE: H3 interaction,7919,0.4352421361133288,0.10224969025622394,2.7995562180038265e-05,293,0.0001,0.11004563320601209,0.0001320820817473294,117,0.0011
2013->2021,West Land FE: ln_distance,7919,-0.16431757410547984,0.1801696669096983,0.3625127517033573,293,0.4092,0.1627983197741042,0.31491613567421023,117,0.3877
2013->2021,West Kreis FE: ln_distance,7919,-0.0848646460196509,0.12697974220824104,0.5044495355867137,293,0.5056,0.15479125415984402,0.584572301466906,117,0.6143
2013->2021,East Land FE: ln_distance,2150,1.4028849619492307,0.35844470237405335,0.0002151121482024206,68,0.0053,0.2915960594860429,2.391347989914019e-05,39,0.0037
2013->2021,East excl. MV Land FE: ln_distance,1500,0.9728890504467501,0.4525917339879847,0.03562931253674791,61,0.0586,0.3438534829441807,0.007578348039212464,37,0.0223
2013->2021,East Kreis FE: ln_distance,2150,0.47158378609383567,0.38953909306376205,0.23029449089695994,68,0.2404,0.3864859777185011,0.22991380211184864,39,0.2337
2013->2025,West Kreis FE: H3 interaction,7919,0.6304901523597155,0.17279354804404196,0.0003119913677458064,293,0.0004,0.17297038084892394,0.0004014192789262586,117,0.0013
2013->2025,West Land FE: ln_distance,7919,-0.26464874454862736,0.2737482015092018,0.33446416113142413,293,0.3698,0.24774571841826032,0.2876359774113744,117,0.3528
2013->2025,West Kreis FE: ln_distance,7919,-0.055788893518051164,0.200497356718106,0.7810154560250415,293,0.7786,0.23004103433801137,0.8088077495629706,117,0.8186
2013->2025,East Land FE: ln_distance,2150,1.3014179398342418,0.4269000539625048,0.003290406613347441,68,0.018,0.3454232972352172,0.0005590389270794945,39,0.0125
2013->2025,East excl. MV Land FE: ln_distance,1500,0.9133580451716455,0.4950704115093045,0.06998847616362593,61,0.1056,0.3679609712605727,0.01785729764821581,37,0.0451
2013->2025,East Kreis FE: ln_distance,2150,0.3884768200284957,0.4056638944313162,0.34169112976026195,68,0.3545,0.4080743921284516,0.3471257032804774,39,0.352
