result,sample,FE,controls,N,beta,SE_Kreis,p_Kreis,G_Kreis,WCB_p_Kreis,SE_shelter,p_shelter,G_shelter,WCB_p_shelter,b_abitur,b_novoc,b_unemp
2025 level,Germany,Land FE,15 controls,10069,0.18865190532753828,0.2832591974860236,0.5058347438944616,361,0.5322,0.2695968894155851,0.48521677764436505,144,0.5425,,,
2025 level,Germany,Land FE,+ education/unemployment (Zensus 2022),10069,-0.09286168968941333,0.25354147164666774,0.7143874274149669,361,0.7287,0.22581374104484356,0.6815185390259166,144,0.7209,-0.2660410804695447,-0.14493250313935108,0.5367142421559331
2025 level,Germany,Kreis FE,15 controls,10069,0.034292161267542455,0.18700164811884273,0.8546039472966711,361,0.8453,0.19453303321948356,0.8603238655893349,144,0.8619,,,
2025 level,Germany,Kreis FE,+ education/unemployment (Zensus 2022),10069,-0.06297952922653743,0.1704839126841365,0.7120346751671798,361,0.7117,0.17083133231397324,0.7129226888528151,144,0.7165,-0.2052353544775851,0.01471781481945232,0.12059589781106392
2025 level,West,Land FE,15 controls,7919,-0.3300190219366911,0.2855431515792381,0.2487246058008026,293,0.2865,0.2581223769012559,0.20361225961875126,117,0.2713,,,
2025 level,West,Land FE,+ education/unemployment (Zensus 2022),7919,-0.6041116390450224,0.2385366122357727,0.011846700569368667,293,0.0264,0.20574947354737902,0.00400814725371239,117,0.0163,-0.26234259579863217,-0.04167096291487281,0.32669746605014005
2025 level,West,Kreis FE,15 controls,7919,-0.114417757858696,0.20170680855297662,0.5709816091714802,293,0.5705,0.21963705114097276,0.6034014929184349,117,0.6359,,,
2025 level,West,Kreis FE,+ education/unemployment (Zensus 2022),7919,-0.205553088786174,0.17523404204217707,0.24174365952110544,293,0.2513,0.17914954448594053,0.253584428780022,117,0.301,-0.19850210240195906,0.02124185738658883,0.1547023684222327
2025 level,East,Land FE,15 controls,2150,1.363783472137934,0.47093651553795707,0.005101028860222939,68,0.0256,0.35852386274097453,0.0005029611687162692,39,0.0171,,,
2025 level,East,Land FE,+ education/unemployment (Zensus 2022),2150,0.7506653087273963,0.4300679454910924,0.08548972553034269,68,0.1387,0.34162896348521027,0.03416608821111984,39,0.1183,-0.23183293306713418,-0.3294177330981661,0.7620362865749656
2025 level,East,Kreis FE,15 controls,2150,0.007099443892284368,0.4039443411928177,0.9860298930453876,68,0.9871,0.40766514504319784,0.9861967481767834,39,0.9889,,,
2025 level,East,Kreis FE,+ education/unemployment (Zensus 2022),2150,-0.07319596830729419,0.38292410419821893,0.8489860971080826,68,0.8507,0.3979380588501114,0.8550400680906458,39,0.8492,-0.2518596517118987,0.010615241947094813,0.01075592285313475
H3 2025 level,West,Kreis FE,15 controls,7919,0.5440355999393365,0.17344709070862482,0.0018835497552753234,293,0.002,0.16957870279142792,0.0017272680909319893,117,0.003,,,
H3 2025 level,West,Kreis FE,+ education/unemployment (Zensus 2022),7919,0.4202753625875241,0.1611987859340889,0.009597926092917448,293,0.0131,0.15107965609159604,0.006311127279890546,117,0.012,-0.196072242513615,0.025243674055073505,0.13417270889121358
H3 change 2013-17,West,Kreis FE,15 controls,7919,0.33940931501573496,0.10238686061136747,0.001032203352250032,293,0.0006,0.09909640202036571,0.0008506848440585184,117,0.0011,,,
H3 change 2013-17,West,Kreis FE,+ education/unemployment (Zensus 2022),7919,0.31016279410914416,0.10666496818985945,0.003918725962982023,293,0.0043,0.10517701938903425,0.0038569495602670148,117,0.0046,-0.06703239731364072,0.02106048759505457,0.00020749044810758604
H3 change 2013-25,West,Kreis FE,15 controls,7919,0.576150478541922,0.16662097637376141,0.0006255271008213393,293,0.0006,0.1641125151706645,0.000637454609594424,117,0.0015,,,
H3 change 2013-25,West,Kreis FE,+ education/unemployment (Zensus 2022),7919,0.4637487295402952,0.15810942832916203,0.0036219802234901868,293,0.0055,0.15774836405151152,0.0039645255539495355,117,0.0114,-0.19899465663431865,0.020801145176317933,0.11549367579864642
H1 change 2013-17,West,Land FE,15 controls,7919,-0.4606722852845385,0.17409507072506847,0.008584065660299806,293,0.0149,0.13516102630525642,0.0008994531382258725,117,0.0054,,,
H1 change 2013-17,West,Land FE,+ education/unemployment (Zensus 2022),7919,-0.5688774816454785,0.1578581328640004,0.0003686653787398603,293,0.0007,0.12621298348802323,1.5779534731156258e-05,117,0.0002,-0.10926584797761812,-0.03759478542425364,0.1137475858293686
H1 change 2013-17,West,Kreis FE,15 controls,7919,-0.21424162086869802,0.10105972090535781,0.03485354444705166,293,0.0348,0.0953273188360904,0.0265032227614231,117,0.0328,,,
H1 change 2013-17,West,Kreis FE,+ education/unemployment (Zensus 2022),7919,-0.25692487643647555,0.09683027877805044,0.008405997433179865,293,0.0094,0.08774302434508711,0.00410533120510968,117,0.0056,-0.06870272583202039,0.01806775677671256,0.0152742215008353
East change 2013-17,East,Land FE,15 controls,2150,1.3323264164955453,0.3714986649808608,0.0006319347106912589,68,0.0033,0.23533911555032055,1.6595722579835054e-06,39,0.0004,,,
East change 2013-17,East,Land FE,+ education/unemployment (Zensus 2022),2150,0.9578103857865338,0.36748075816223214,0.011265442961627195,68,0.0252,0.2677314435538806,0.0009668350783950438,39,0.0114,-0.008115877181407676,-0.1921786373136956,0.5976504782410852
East change 2013-17,East excl. MV,Land FE,15 controls,1500,0.9966368045367502,0.417462239598496,0.02013678181304667,61,0.0332,0.2828367493747921,0.0011782271161984187,37,0.0018,,,
East change 2013-17,East excl. MV,Land FE,+ education/unemployment (Zensus 2022),1500,0.6674824840566979,0.4071100957176877,0.1063294562504942,61,0.1273,0.28262965790096867,0.023721915812271597,37,0.0389,-0.028376800396531298,-0.35682589413083593,0.6719420318750583
East change 2013-17,East,Kreis FE,15 controls,2150,0.4129471619309353,0.3448020470480673,0.23527882402127429,68,0.2309,0.3147485798220614,0.19739413732867275,39,0.1905,,,
East change 2013-17,East,Kreis FE,+ education/unemployment (Zensus 2022),2150,0.4106812112300939,0.36644122446900523,0.26640444834128246,68,0.2727,0.3155670876370229,0.20095446884386967,39,0.1988,-0.04934063040243393,0.07944924378801124,-0.10044647018705057
