result,FE,variant,sample,N,beta,SE_Kreis,p_Kreis,G_Kreis,WCB_p_Kreis,SE_shelter,p_shelter,G_shelter,WCB_p_shelter
West 2025 level H1,Land FE,Abitur only,all,7919,-0.6390141990137908,0.24453468068129466,0.0094349640974636,293,0.0214,0.21308203014311825,0.003316077007689767,117,0.0147
West 2025 level H1,Land FE,No-vocational only,all,7919,-0.41023589163187635,0.285931461497041,0.15243275289795016,293,0.1904,0.2598646857279188,0.11713905678795533,117,0.1874
West 2025 level H1,Land FE,Unemployment only,all,7919,-0.32027305884986934,0.27966454609886193,0.2530622623017178,293,0.2911,0.24437107114619752,0.19258141381993768,117,0.2538
West 2025 level H1,Land FE,"All three, no level dummies",all,7919,-0.5902178904392404,0.23755031020230657,0.013529955749764795,293,0.0284,0.20478044658780237,0.004706777343896106,117,0.0176
West 2025 level H1,Land FE,All three (main),all,7919,-0.6041116390450224,0.2385366122357727,0.011846700569368667,293,0.0264,0.20574947354737902,0.00400814725371239,117,0.0163
West 2025 level H1,Land FE,All three (main),sub-Kreis measure only,5113,-0.4700458092519314,0.30200754020422266,0.12071018354015334,289,0.1739,0.24760664405444371,0.06017755130865349,115,0.1426
West H1 change 2013-17,Land FE,Abitur only,all,7919,-0.5854864002081238,0.16299432647254516,0.0003848260757232698,293,0.0006,0.1298015961002038,1.5569487559648504e-05,117,0.0002
West H1 change 2013-17,Land FE,No-vocational only,all,7919,-0.4839707406786603,0.176112477497254,0.006367671097842439,293,0.0109,0.13746255631234475,0.0006160539637170781,117,0.0036
West H1 change 2013-17,Land FE,Unemployment only,all,7919,-0.4595990824459261,0.17138762759658602,0.007743243684797143,293,0.0145,0.1305848097575705,0.0006185777867173511,117,0.004
West H1 change 2013-17,Land FE,"All three, no level dummies",all,7919,-0.5624066281562464,0.15760846741414697,0.00041972773440191065,293,0.0008,0.12690460770228662,2.1324380513037764e-05,117,0.0002
West H1 change 2013-17,Land FE,All three (main),all,7919,-0.5688774816454785,0.1578581328640004,0.0003686653787398603,293,0.0007,0.12621298348802323,1.5779534731156258e-05,117,0.0002
West H1 change 2013-17,Land FE,All three (main),sub-Kreis measure only,5113,-0.45240521811108336,0.20119939452115337,0.0252977009723588,289,0.0484,0.14942198637211265,0.0030476634034309652,115,0.0158
West H1 change 2013-17,Kreis FE,Abitur only,all,7919,-0.2583291390082253,0.09712633997542178,0.008252425834663395,293,0.0092,0.08849888151430804,0.004219029941819068,117,0.0054
West H1 change 2013-17,Kreis FE,No-vocational only,all,7919,-0.22501773311306913,0.09977949422392719,0.02486437024990329,293,0.0247,0.09295443467055017,0.017040038156757305,117,0.0237
West H1 change 2013-17,Kreis FE,Unemployment only,all,7919,-0.20139896753374775,0.09960870029876888,0.044098282623852986,293,0.0432,0.09326900772135711,0.03288312020150249,117,0.0382
West H1 change 2013-17,Kreis FE,"All three, no level dummies",all,7919,-0.2565583996921081,0.09733734747779228,0.008843421468877797,293,0.0101,0.0881732477932452,0.0043376935245545865,117,0.0059
West H1 change 2013-17,Kreis FE,All three (main),all,7919,-0.25692487643647555,0.09683027877805044,0.008405997433179865,293,0.0094,0.08774302434508711,0.00410533120510968,117,0.0056
West H1 change 2013-17,Kreis FE,All three (main),sub-Kreis measure only,5113,-0.30131333276719374,0.10367560955716255,0.003941153462894066,289,0.0078,0.10214509985965174,0.003858856503664862,115,0.0122
West H3 change 2013-25,Kreis FE,Abitur only,all,7919,0.4897834853615571,0.1561745228619544,0.0018865283645070443,293,0.0039,0.1598265530511526,0.002712237349827478,117,0.0075
West H3 change 2013-25,Kreis FE,No-vocational only,all,7919,0.5594692960444925,0.17106025744299264,0.001201770940845126,293,0.0017,0.16876129704992915,0.0012228509830478577,117,0.0028
West H3 change 2013-25,Kreis FE,Unemployment only,all,7919,0.5152050372272348,0.17093509846042693,0.0028041449526187744,293,0.0039,0.16028452316919545,0.0016936513984865786,117,0.0044
West H3 change 2013-25,Kreis FE,"All three, no level dummies",all,7919,0.4741389554498012,0.15698541477957142,0.002748785650254726,293,0.0044,0.1552023959412102,0.0027929065911901623,117,0.0084
West H3 change 2013-25,Kreis FE,All three (main),all,7919,0.4637487295402952,0.15810942832916203,0.0036219802234901868,293,0.0055,0.15774836405151152,0.0039645255539495355,117,0.0114
West H3 change 2013-25,Kreis FE,All three (main),sub-Kreis measure only,5113,0.4508579091661951,0.17113633404064005,0.008882092172153529,289,0.0126,0.16648256273372125,0.007808768591548313,115,0.0206
East change 2013-17,Land FE,Abitur only,all,2150,1.3147373971456993,0.3979993524984364,0.0015355740773910227,68,0.0107,0.24809248347086849,5.1936190617914194e-06,39,0.0006
East change 2013-17,Land FE,No-vocational only,all,2150,1.3297597648647657,0.39379583692505304,0.0012246587496550245,68,0.0059,0.2509787092068185,5.211405150187992e-06,39,0.0004
East change 2013-17,Land FE,Unemployment only,all,2150,1.023543898979054,0.35506290618932546,0.00529445490757769,68,0.0237,0.23652288794417353,0.00010565498361061818,39,0.0047
East change 2013-17,Land FE,"All three, no level dummies",all,2150,0.9623670791339848,0.3448972690096992,0.006851871772747026,68,0.0169,0.2508941035486555,0.00045823633118255485,39,0.0113
East change 2013-17,Land FE,All three (main),all,2150,0.9578103857865338,0.36748075816223214,0.011265442961627195,68,0.0252,0.2677314435538806,0.0009668350783950438,39,0.0114
East change 2013-17,Land FE,All three (main),sub-Kreis measure only,686,1.3642272322848557,0.5644399621188446,0.018422470375838742,67,0.1019,0.38810857667926085,0.001154712418335215,39,0.0619
