sample,moderator,outcome,controls,N,beta,SE_Kreis,p_Kreis,G_Kreis,WCB_p_Kreis,SE_shelter,p_shelter,G_shelter,WCB_p_shelter
West,"District foreign share, Zensus 2011",Level 2013 (placebo),15 controls,7919,-0.03767953661423721,0.061245587799019334,0.5388883259086459,293,0.5367,0.06142577387867292,0.5408024275596093,117,0.5608
West,"District foreign share, Zensus 2011",Level 2013 (placebo),+ education,7919,-0.04777154828301358,0.06294476539705554,0.44849828127566516,293,0.4584,0.06135142878536901,0.4377689249351193,117,0.4628
West,"District foreign share, Zensus 2011",Level 2017,15 controls,7919,0.3327199699780198,0.09218952000351949,0.0003614516878777775,293,0.0005,0.0820747163658042,9.153152541628294e-05,117,0.0004
West,"District foreign share, Zensus 2011",Level 2017,+ education,7919,0.27935230516863957,0.09513995024899947,0.0035865943082360784,293,0.0039,0.08305598049575463,0.0010437213078924824,117,0.0018
West,"District foreign share, Zensus 2011",Level 2025,15 controls,7919,0.5911970564053702,0.1690086655084772,0.0005417053873853244,293,0.0006,0.15855073095781763,0.0002991736678887863,117,0.0008
West,"District foreign share, Zensus 2011",Level 2025,+ education,7919,0.44265943324434043,0.16180552918332053,0.006604852357291482,293,0.009,0.1465872690141478,0.0031116995103634337,117,0.0044
West,"District foreign share, Zensus 2011",Change 2013-17,15 controls,7919,0.37039950659225684,0.09658450077014274,0.00015387188897555303,293,0.0001,0.08808631593443361,5.1634479924879494e-05,117,0.0001
West,"District foreign share, Zensus 2011",Change 2013-17,+ education,7919,0.3271238534516527,0.1010023673191248,0.0013389380491796647,293,0.0009,0.09481501470515924,0.0007821534750899309,117,0.0005
West,"District foreign share, Zensus 2011",Change 2013-25,15 controls,7919,0.6288765930196071,0.17347016922309066,0.0003404674662906503,293,0.0003,0.16951206469626137,0.00031976507299550614,117,0.0006
West,"District foreign share, Zensus 2011",Change 2013-25,+ education,7919,0.49043098152735326,0.16738547156255715,0.0036576815334777887,293,0.0047,0.16449510873852596,0.0034968371911352335,117,0.0064
West,"Municipal foreign share, Zensus 2011",Level 2013 (placebo),15 controls,7919,-0.03374086347783684,0.033543567872075346,0.31530525540680376,293,0.3142,0.04243490170216238,0.428167275780306,117,0.4621
West,"Municipal foreign share, Zensus 2011",Level 2013 (placebo),+ education,7919,-0.03607043127595183,0.033096452965246104,0.27667431642764556,293,0.2794,0.04129953007783886,0.384257162854585,117,0.4163
West,"Municipal foreign share, Zensus 2011",Level 2017,15 controls,7919,0.14492714715629135,0.06133470503873436,0.018788505356681667,293,0.0206,0.0669457372101647,0.03244813615303254,117,0.0465
West,"Municipal foreign share, Zensus 2011",Level 2017,+ education,7919,0.1374091992061325,0.06024017060027675,0.023267242256085688,293,0.0244,0.06344790445251806,0.03238101066037813,117,0.0459
West,"Municipal foreign share, Zensus 2011",Level 2025,15 controls,7919,0.21164261658522868,0.11769104936269119,0.07316385249127696,293,0.0808,0.12169403564747215,0.0846634633644749,117,0.0984
West,"Municipal foreign share, Zensus 2011",Level 2025,+ education,7919,0.18114891508240138,0.11616351610754612,0.11997768321350712,293,0.1255,0.1169223495211499,0.12403134039527337,117,0.1368
West,"Municipal foreign share, Zensus 2011",Change 2013-17,15 controls,7919,0.17866801063412852,0.05151552643664722,0.0006027682500741409,293,0.0014,0.04700579355598817,0.00023128969778146802,117,0.0017
West,"Municipal foreign share, Zensus 2011",Change 2013-17,+ education,7919,0.1734796304820846,0.05010828501049116,0.000616131342197562,293,0.0015,0.04348037052508282,0.00011617889987137612,117,0.001
West,"Municipal foreign share, Zensus 2011",Change 2013-25,15 controls,7919,0.2453834800630652,0.10907092318787663,0.025208813850322892,293,0.0346,0.1085027042645964,0.025588976168359166,117,0.0385
West,"Municipal foreign share, Zensus 2011",Change 2013-25,+ education,7919,0.21721934635835274,0.10689058067562984,0.04304182760126932,293,0.0499,0.10250100830249884,0.03620695757897879,117,0.0462
West,"District foreign share, INKAR 2021 (main)",Level 2013 (placebo),15 controls,7919,-0.08645455242037949,0.07686111054895617,0.26159106310883506,293,0.2879,0.07241067948489799,0.23493436856240618,117,0.2726
West,"District foreign share, INKAR 2021 (main)",Level 2013 (placebo),+ education,7919,-0.09654008528791061,0.07807802920039712,0.21728254085755308,293,0.2506,0.07250921910582511,0.18566205998891497,117,0.2273
West,"District foreign share, INKAR 2021 (main)",Level 2017,15 controls,7919,0.2775153276261472,0.10723814112620698,0.010140901745500749,293,0.0132,0.09797468913147711,0.005447055889632846,117,0.01
West,"District foreign share, INKAR 2021 (main)",Level 2017,+ education,7919,0.23361031079931616,0.10848354426177867,0.03210450324745995,293,0.0419,0.09621182931268923,0.01671525259571332,117,0.0247
West,"District foreign share, INKAR 2021 (main)",Level 2025,15 controls,7919,0.5440355999393365,0.17344709070862482,0.0018835497552753234,293,0.002,0.16957870279142792,0.0017272680909319893,117,0.003
West,"District foreign share, INKAR 2021 (main)",Level 2025,+ education,7919,0.4202753625875241,0.1611987859340889,0.009597926092917448,293,0.0131,0.15107965609159604,0.006311127279890546,117,0.012
West,"District foreign share, INKAR 2021 (main)",Change 2013-17,15 controls,7919,0.36396988004652636,0.1016718311671587,0.0004024702725703353,293,0.0002,0.0991695936211926,0.0003677128413215877,117,0.0005
West,"District foreign share, INKAR 2021 (main)",Change 2013-17,+ education,7919,0.3301503960872273,0.1062990180982727,0.0020837134476318574,293,0.002,0.10535871012188637,0.0021870340213089277,117,0.0026
West,"District foreign share, INKAR 2021 (main)",Change 2013-25,15 controls,7919,0.6304901523597155,0.17279354804404196,0.0003119913677458064,293,0.0004,0.17297038084892394,0.0004014192789262586,117,0.0013
West,"District foreign share, INKAR 2021 (main)",Change 2013-25,+ education,7919,0.5168154478754334,0.1646064470243655,0.0018644137671362713,293,0.0037,0.16602554723858273,0.002333606928990714,117,0.0075
East,"District foreign share, Zensus 2011",Level 2013 (placebo),15 controls,2150,-0.21366898578677998,0.15236669855031584,0.16543204159501612,68,0.1731,0.11610701671569641,0.0735475799988143,39,0.0994
East,"District foreign share, Zensus 2011",Level 2013 (placebo),+ education,2150,-0.20233932358644002,0.14684175256761353,0.1728062747147147,68,0.1866,0.10754941437999048,0.06760046243498596,39,0.0989
East,"District foreign share, Zensus 2011",Level 2017,15 controls,2150,-0.2569328313606636,0.39522746197785147,0.5178579446756055,68,0.5336,0.3919497043513955,0.5160791026536644,39,0.5245
East,"District foreign share, Zensus 2011",Level 2017,+ education,2150,-0.2910405003337079,0.38388010771728465,0.4510170031745078,68,0.4797,0.3772469669929851,0.445190492537741,39,0.4713
East,"District foreign share, Zensus 2011",Level 2025,15 controls,2150,-0.2783229724042369,0.3183134942453852,0.3850416304110059,68,0.3841,0.34094016792605136,0.4193941354633963,39,0.4271
East,"District foreign share, Zensus 2011",Level 2025,+ education,2150,-0.4693676551745907,0.36022427239770555,0.19703951648441434,68,0.215,0.37300323116149436,0.2159429873985554,39,0.2518
East,"District foreign share, Zensus 2011",Change 2013-17,15 controls,2150,-0.0432638455738841,0.30967206233689687,0.8893093727002995,68,0.8915,0.3173230699423878,0.8922722165940017,39,0.899
East,"District foreign share, Zensus 2011",Change 2013-17,+ education,2150,-0.08870117674726989,0.3114028462685029,0.7766424094384287,68,0.7897,0.31013448743405464,0.7764248565135927,39,0.7825
East,"District foreign share, Zensus 2011",Change 2013-25,15 controls,2150,-0.06465398661745571,0.33999415917016035,0.8497571334991563,68,0.8591,0.3076704844206579,0.8346808180419409,39,0.8325
East,"District foreign share, Zensus 2011",Change 2013-25,+ education,2150,-0.26702833158815364,0.3769430568858256,0.4811512727855868,68,0.5045,0.3309744129201585,0.42480587814129167,39,0.4605
East,"Municipal foreign share, Zensus 2011",Level 2013 (placebo),15 controls,2150,0.025669506496361006,0.0649960480689558,0.6941420690401938,68,0.8005,0.03753032220786392,0.4981459751541208,39,0.6036
East,"Municipal foreign share, Zensus 2011",Level 2013 (placebo),+ education,2150,0.031984218849309146,0.0634031657869864,0.6155947994529405,68,0.7772,0.03946047478716802,0.4226783406529904,39,0.6009
East,"Municipal foreign share, Zensus 2011",Level 2017,15 controls,2150,0.119375430585642,0.09895519038589247,0.23192180528282252,68,0.2583,0.10729532246830925,0.27287472795688184,39,0.3556
East,"Municipal foreign share, Zensus 2011",Level 2017,+ education,2150,0.14021441370524443,0.0988207770242727,0.16057057591334686,68,0.2049,0.10930707114845989,0.20734658361164074,39,0.3015
East,"Municipal foreign share, Zensus 2011",Level 2025,15 controls,2150,0.26377001191032745,0.15684739152595065,0.0972832264694799,68,0.1686,0.16337822486594575,0.11469879815862491,39,0.2287
East,"Municipal foreign share, Zensus 2011",Level 2025,+ education,2150,0.2488362270469114,0.15648170336922584,0.11649904414607674,68,0.1941,0.1651972184222738,0.14025919818780522,39,0.2574
East,"Municipal foreign share, Zensus 2011",Change 2013-17,15 controls,2150,0.09370592408928075,0.11871024120687255,0.43268226986869995,68,0.4391,0.11486256152798431,0.4196938130311978,39,0.4749
East,"Municipal foreign share, Zensus 2011",Change 2013-17,+ education,2150,0.108230194855936,0.12535383996545707,0.3909992322307794,68,0.4033,0.11124339284450084,0.3367490577956726,39,0.4057
East,"Municipal foreign share, Zensus 2011",Change 2013-25,15 controls,2150,0.2381005054139667,0.173428893163395,0.17436127111137342,68,0.2283,0.1722165552769174,0.1748704020899508,39,0.2734
East,"Municipal foreign share, Zensus 2011",Change 2013-25,+ education,2150,0.2168520081976013,0.17293662535627977,0.21422164342785532,68,0.272,0.16895455127428194,0.20709141089206856,39,0.3004
East,"District foreign share, INKAR 2021 (main)",Level 2013 (placebo),15 controls,2150,-0.18414674306796228,0.0890703698555419,0.04255943030961163,68,0.062,0.07733417213730849,0.022372082987963244,39,0.0425
East,"District foreign share, INKAR 2021 (main)",Level 2013 (placebo),+ education,2150,-0.17594730313426274,0.0867110966273673,0.046421939935441726,68,0.0624,0.07803658837316,0.02999799922353067,39,0.0467
East,"District foreign share, INKAR 2021 (main)",Level 2017,15 controls,2150,-0.5168509202658906,0.20175121413251793,0.01266810184451362,68,0.0263,0.25623859588452785,0.05079347468489281,39,0.1019
East,"District foreign share, INKAR 2021 (main)",Level 2017,+ education,2150,-0.5214330297294445,0.19992362974651284,0.011213758064065977,68,0.0297,0.2544964824820185,0.047425466132595184,39,0.103
East,"District foreign share, INKAR 2021 (main)",Level 2025,15 controls,2150,-0.46626980444003724,0.24175124961822655,0.0580039647286967,68,0.0363,0.27985073961052737,0.10390971614620742,39,0.1579
East,"District foreign share, INKAR 2021 (main)",Level 2025,+ education,2150,-0.5307951179436474,0.2070336179417844,0.012602354016146603,68,0.0125,0.28719778534281937,0.07236911943639714,39,0.1495
East,"District foreign share, INKAR 2021 (main)",Change 2013-17,15 controls,2150,-0.3327041771979267,0.18581336308719426,0.07788659104854881,68,0.0779,0.21580662977984696,0.13143937811937356,39,0.1904
East,"District foreign share, INKAR 2021 (main)",Change 2013-17,+ education,2150,-0.3454857265951822,0.18853258721440233,0.07132122186640415,68,0.0887,0.2189986211180736,0.12295391607091134,39,0.1993
East,"District foreign share, INKAR 2021 (main)",Change 2013-25,15 controls,2150,-0.2821230613720718,0.2454971032851991,0.25456316842334625,68,0.2312,0.24903425896682482,0.2643670156801955,39,0.3116
East,"District foreign share, INKAR 2021 (main)",Change 2013-25,+ education,2150,-0.35484781480938415,0.2206969611827658,0.11257050247897163,68,0.106,0.2670268526378222,0.19181078858956266,39,0.2898
