variant,moderator,outcome,N,beta,SE_Kreis,p_Kreis,G_Kreis,WCB_p_Kreis,SE_shelter,p_shelter,G_shelter,WCB_p_shelter
'-' = 0 (official: nichts vorhanden),District 2011,2013 placebo,7919,-0.04777154828301358,0.06294476539705554,0.44849828127566516,293,0.4584,0.06135142878536901,0.4377689249351193,117,0.4628
'-' = 0 (official: nichts vorhanden),District 2011,Change 2013-17,7919,0.3271238534516527,0.1010023673191248,0.0013389380491796647,293,0.0009,0.09481501470515924,0.0007821534750899309,117,0.0005
'-' = 0 (official: nichts vorhanden),District 2011,Change 2013-25,7919,0.49043098152735326,0.16738547156255715,0.0036576815334777887,293,0.0047,0.16449510873852596,0.0034968371911352335,117,0.0064
'-' = 0 (official: nichts vorhanden),Municipal 2011,2013 placebo,7919,-0.036070431276815515,0.033096452965122085,0.27667431641437146,293,0.2794,0.041299530077728984,0.38425716284197686,117,0.4163
'-' = 0 (official: nichts vorhanden),Municipal 2011,Change 2013-17,7919,0.17347963048078455,0.050108285010464895,0.0006161313422506071,293,0.0015,0.043480370524922436,0.00011617889987791005,117,0.001
'-' = 0 (official: nichts vorhanden),Municipal 2011,Change 2013-25,7919,0.2172193463507275,0.10689058067546962,0.04304182760822614,293,0.0499,0.10250100830197881,0.036206957584470296,117,0.0462
'-' = 1,District 2011,2013 placebo,7919,-0.048019571229412764,0.06309064419743066,0.4471994207646209,293,0.4568,0.061474183421627804,0.4363150005136367,117,0.4608
'-' = 1,District 2011,Change 2013-17,7919,0.327139497226268,0.1010469268344871,0.0013447176793421373,293,0.0009,0.09486237697481326,0.0007862530191382663,117,0.0005
'-' = 1,District 2011,Change 2013-25,7919,0.49017557165251907,0.16748151868033917,0.0036944844829391436,293,0.0047,0.16464821134615573,0.003542928055393181,117,0.0066
'-' = 1,Municipal 2011,2013 placebo,7919,-0.03343850380714626,0.03286331045857534,0.30975670690944573,293,0.3121,0.040990708851012594,0.4163103922491432,117,0.4461
'-' = 1,Municipal 2011,Change 2013-17,7919,0.17462869967286915,0.049230585146628494,0.0004534949438274065,293,0.0013,0.04292169745873205,8.663319670295421e-05,117,0.0008
'-' = 1,Municipal 2011,Change 2013-25,7919,0.2143226283063856,0.10618252229731878,0.0444598934818846,293,0.0518,0.10225471832750539,0.03825944615297077,117,0.0485
'-' = 2 (upper bound under SAFE),District 2011,2013 placebo,7919,-0.048267661903345194,0.06323966296133605,0.4459306153352813,293,0.4559,0.061599209304663595,0.43488592566069983,117,0.4581
'-' = 2 (upper bound under SAFE),District 2011,Change 2013-17,7919,0.327151831623594,0.10109090998200154,0.00135058053811041,293,0.0009,0.09490923214186936,0.0007904122560285108,117,0.0006
'-' = 2 (upper bound under SAFE),District 2011,Change 2013-25,7919,0.489914574998578,0.1675765967564409,0.0037317740525581876,293,0.0047,0.16480035854610472,0.003589671904315814,117,0.0068
'-' = 2 (upper bound under SAFE),Municipal 2011,2013 placebo,7919,-0.030771838135444908,0.0326440888987504,0.3466409568307744,293,0.3494,0.04064786395944119,0.4505640877809387,117,0.4788
'-' = 2 (upper bound under SAFE),Municipal 2011,Change 2013-17,7919,0.17567306720287096,0.048430162340304686,0.0003378603709479678,293,0.0012,0.042456239167057735,6.67235124968899e-05,117,0.0007
'-' = 2 (upper bound under SAFE),Municipal 2011,Change 2013-25,7919,0.21090207378506487,0.10547128297180758,0.04646796995072174,293,0.0549,0.10193416105711041,0.04076754153567485,117,0.0523
drop municipalities with '-',District 2011,2013 placebo,7919,-0.04777154828301358,0.06294476539705554,0.44849828127566516,293,0.4584,0.06135142878536901,0.4377689249351193,117,0.4628
drop municipalities with '-',District 2011,Change 2013-17,7919,0.3271238534516527,0.1010023673191248,0.0013389380491796647,293,0.0009,0.09481501470515924,0.0007821534750899309,117,0.0005
drop municipalities with '-',District 2011,Change 2013-25,7919,0.49043098152735326,0.16738547156255715,0.0036576815334777887,293,0.0047,0.16449510873852596,0.0034968371911352335,117,0.0064
drop municipalities with '-',Municipal 2011,2013 placebo,7740,-0.02466021440648808,0.032201036466892076,0.4444016954327428,293,0.4452,0.03874592581628465,0.5257308445505895,117,0.5529
drop municipalities with '-',Municipal 2011,Change 2013-17,7740,0.16472527099897813,0.04675568122666511,0.0004948440667709823,293,0.0018,0.04238563026479123,0.0001698981147758454,117,0.0016
drop municipalities with '-',Municipal 2011,Change 2013-25,7740,0.18155869145159972,0.10334085984662703,0.07998436085039647,293,0.0957,0.10087463567549242,0.07448438439181602,117,0.0954
