result,FE,turnout,controls,N,beta,SE_Kreis,p_Kreis,G_Kreis,WCB_p_Kreis,SE_shelter,p_shelter,G_shelter,WCB_p_shelter
"H1 West, change 2013-17",Land FE,turnout 2013 (main),15 controls,7919,-0.4606722852845385,0.17409507072506847,0.008584065660299806,293,0.0149,0.13516102630525642,0.0008994531382258725,117,0.0054
"H1 West, change 2013-17",Land FE,turnout 2013 (main),+ education,7919,-0.5688774816454785,0.1578581328640004,0.0003686653787398603,293,0.0007,0.12621298348802323,1.5779534731156258e-05,117,0.0002
"H1 West, change 2013-17",Land FE,turnout 2021,15 controls,7919,-0.4420423935872365,0.1862504857287095,0.018273478216216645,293,0.0266,0.14568477076171552,0.002976788199512531,117,0.012
"H1 West, change 2013-17",Land FE,turnout 2021,+ education,7919,-0.5748401160480586,0.165840975864569,0.0006071405739570127,293,0.0013,0.13401640825426894,3.728717919536731e-05,117,0.0005
"H1 West, change 2013-17",Land FE,no turnout,15 controls,7919,-0.39716342014949935,0.19491071025391785,0.04248432012692465,293,0.062,0.15440392296796385,0.011366858462118587,117,0.0294
"H1 West, change 2013-17",Land FE,no turnout,+ education,7919,-0.5670796021682202,0.16861755307233478,0.0008735630367001502,293,0.0019,0.13545232000925733,5.5402696777296745e-05,117,0.0005
"H1 West, change 2013-17",Kreis FE,turnout 2013 (main),15 controls,7919,-0.21424162086869802,0.10105972090535781,0.03485354444705166,293,0.0348,0.0953273188360904,0.0265032227614231,117,0.0328
"H1 West, change 2013-17",Kreis FE,turnout 2013 (main),+ education,7919,-0.25692487643647555,0.09683027877805044,0.008405997433179865,293,0.0094,0.08774302434508711,0.00410533120510968,117,0.0056
"H1 West, change 2013-17",Kreis FE,turnout 2021,15 controls,7919,-0.21105491691574849,0.10432692740228498,0.04398262766602666,293,0.046,0.09866727150638523,0.03452750629863665,117,0.0429
"H1 West, change 2013-17",Kreis FE,turnout 2021,+ education,7919,-0.259482251399619,0.09877063527986547,0.009065861828623163,293,0.0105,0.08983756387330367,0.004621841016625822,117,0.0084
"H1 West, change 2013-17",Kreis FE,no turnout,15 controls,7919,-0.1818624376909429,0.10715667733266958,0.09073122333519101,293,0.0927,0.10429377204968515,0.08385164036090456,117,0.0958
"H1 West, change 2013-17",Kreis FE,no turnout,+ education,7919,-0.24382360200099537,0.09798492748648625,0.01339011227875537,293,0.015,0.09149149484941851,0.008796313660930017,117,0.0157
"H3 West (Zensus 2011 district), change 2013-17",Kreis FE,turnout 2013 (main),15 controls,7919,0.3420381044509497,0.09700895205969236,0.0004899725468299489,293,0.0002,0.08800928346188346,0.00016987365097839398,117,0.0004
"H3 West (Zensus 2011 district), change 2013-17",Kreis FE,turnout 2013 (main),+ education,7919,0.3043431344737953,0.1009663242252282,0.002801775935158155,293,0.0023,0.09431791213262064,0.0016274412345225245,117,0.0015
"H3 West (Zensus 2011 district), change 2013-17",Kreis FE,turnout 2021,15 controls,7919,0.37039950659225684,0.09658450077014274,0.00015387188897555303,293,0.0001,0.08808631593443361,5.1634479924879494e-05,117,0.0001
"H3 West (Zensus 2011 district), change 2013-17",Kreis FE,turnout 2021,+ education,7919,0.3271238534516527,0.1010023673191248,0.0013389380491796647,293,0.0009,0.09481501470515924,0.0007821534750899309,117,0.0005
"H3 West (Zensus 2011 district), change 2013-17",Kreis FE,no turnout,15 controls,7919,0.38148693234207465,0.0959583864000074,8.857503654703539e-05,293,0.0001,0.08524858806193743,1.795362923949924e-05,117,0.0001
"H3 West (Zensus 2011 district), change 2013-17",Kreis FE,no turnout,+ education,7919,0.32315775770900607,0.10041509270611282,0.001435106704140725,293,0.0008,0.09372891854549854,0.0007883084146401821,117,0.0008
"H3 West (Zensus 2011 district), change 2013-25",Kreis FE,turnout 2013 (main),15 controls,7919,0.5721942478368987,0.16616205275213658,0.0006580864951779461,293,0.0005,0.16131130939057114,0.0005629828398296143,117,0.0008
"H3 West (Zensus 2011 district), change 2013-25",Kreis FE,turnout 2013 (main),+ education,7919,0.43495474582839855,0.16024892703905172,0.007037789483760028,293,0.0092,0.1570726539632934,0.006545935129318113,117,0.0123
"H3 West (Zensus 2011 district), change 2013-25",Kreis FE,turnout 2021,15 controls,7919,0.6288765930196071,0.17347016922309066,0.0003404674662906503,293,0.0003,0.16951206469626137,0.00031976507299550614,117,0.0006
"H3 West (Zensus 2011 district), change 2013-25",Kreis FE,turnout 2021,+ education,7919,0.49043098152735326,0.16738547156255715,0.0036576815334777887,293,0.0047,0.16449510873852596,0.0034968371911352335,117,0.0064
"H3 West (Zensus 2011 district), change 2013-25",Kreis FE,no turnout,15 controls,7919,0.6636996019651572,0.1829167607533979,0.00033651665063491625,293,0.0002,0.17991989222309682,0.000344380236880811,117,0.0007
"H3 West (Zensus 2011 district), change 2013-25",Kreis FE,no turnout,+ education,7919,0.4776204523060862,0.17020379974693475,0.005350458867608193,293,0.0079,0.16997282506999425,0.005816829113146519,117,0.0097
"East, change 2013-17",Land FE,turnout 2013 (main),15 controls,2150,1.3323264164955453,0.3714986649808608,0.0006319347106912589,68,0.0033,0.23533911555032055,1.6595722579835054e-06,39,0.0004
"East, change 2013-17",Land FE,turnout 2013 (main),+ education,2150,0.9578103857865338,0.36748075816223214,0.011265442961627195,68,0.0252,0.2677314435538806,0.0009668350783950438,39,0.0114
"East, change 2013-17",Land FE,turnout 2021,15 controls,2150,1.3781033816758135,0.37483708855889264,0.0004720927056007395,68,0.0029,0.23977010964536544,1.2636472193919992e-06,39,0.0004
"East, change 2013-17",Land FE,turnout 2021,+ education,2150,1.0022339243456373,0.37149658550669246,0.00882200818600086,68,0.0231,0.2695630429431157,0.0006455955020306564,39,0.0092
"East, change 2013-17",Land FE,no turnout,15 controls,2150,1.3884426517344115,0.371771116938326,0.00039036523685799187,68,0.0025,0.241898420324932,1.2952806354917586e-06,39,0.0005
"East, change 2013-17",Land FE,no turnout,+ education,2150,1.009096921378565,0.3689142860866728,0.007968077750682421,68,0.0219,0.27041656335230596,0.0006205762743646667,39,0.0089
"East excl. MV, change 2013-17",Land FE,turnout 2013 (main),15 controls,1500,0.9966368045367502,0.417462239598496,0.02013678181304667,61,0.0332,0.2828367493747921,0.0011782271161984187,37,0.0018
"East excl. MV, change 2013-17",Land FE,turnout 2013 (main),+ education,1500,0.6674824840566979,0.4071100957176877,0.1063294562504942,61,0.1273,0.28262965790096867,0.023721915812271597,37,0.0389
"East excl. MV, change 2013-17",Land FE,turnout 2021,15 controls,1500,1.0505646557965278,0.4181845368870984,0.01470523168499762,61,0.0254,0.2943097348255493,0.0010359725233889245,37,0.0015
"East excl. MV, change 2013-17",Land FE,turnout 2021,+ education,1500,0.6863233406588857,0.4063410818148526,0.09640409190926241,61,0.1159,0.290799161527315,0.023807974071199476,37,0.0362
"East excl. MV, change 2013-17",Land FE,no turnout,15 controls,1500,1.0414602976418335,0.4220253626681012,0.016465058869184358,61,0.0276,0.2992437561529867,0.00133003581588195,37,0.0017
"East excl. MV, change 2013-17",Land FE,no turnout,+ education,1500,0.6835998225568596,0.4070196122239983,0.09825024172999121,61,0.1174,0.29143465919989714,0.024622277186599123,37,0.0364
