sample,variable,N,mean,sd,median,min,max
West,afd_share_2025_pct,7920,20.52597658641153,5.09980521500945,20.3087146299555,2.40384615384615,40.7701019252548
West,distance_nearest_shelter_km,7920,28.940803015241002,15.389684863023414,27.1306620167,1.18086966001,117.967408462
West,ln_distance,7920,3.1972957105646516,0.6306064269318534,3.300664489618539,0.16625116703490647,4.770408386840988
West,population_2021,7920,6817.236237373738,22313.21337525852,2132.5,71.0,759224.0
West,population_density_2021,7920,212.99507828282827,290.0239680006095,117.2,4.53,4152.77
West,purchasing_power_pc_2021,7920,25764.32036868687,2682.0402140378146,25501.785,15107.8,64094.73
West,share_65plus_2021,7920,22.276982323232325,3.64001406195072,21.97,3.72,50.0
West,foreign_share_zensus2022,7920,8.089752777777779,5.124265609836095,6.9265,0.482,77.914
West,immig_history_share_zensus2022,7920,14.467559343434344,7.6358011660975285,12.905000000000001,1.07,78.208
West,immigrated_share_zensus2022,7920,12.615722601010102,6.4618943252489816,11.3415,1.07,78.159
West,turnout_2021_pct,7920,80.67601627508517,4.6929437105916465,81.10503372518315,45.748987854251,95.3846153846154
East,afd_share_2025_pct,2150,41.68966301294566,6.712573560948184,41.6451946336732,11.4547289504037,71.8446601941748
East,distance_nearest_shelter_km,2150,48.15699997135859,37.53105927922338,37.619459124900004,2.0932538265,180.922760718
East,ln_distance,2150,3.578712604213184,0.8045022783053007,3.627521373505495,0.7387197101193645,5.198070203823311
East,population_2021,2150,4814.950697674419,12191.560541872766,1495.0,94.0,238061.0
East,population_density_2021,2150,106.17383255813954,173.39586210348648,56.11,4.29,2690.46
East,purchasing_power_pc_2021,2150,23124.852897674416,1726.6110964225716,23062.449999999997,18107.86,39114.31
East,share_65plus_2021,2150,26.192455813953487,4.35792423047471,26.27,13.37,43.11
East,foreign_share_zensus2022,2150,2.9519293023255817,3.079548493497644,2.0255,0.221,37.644
East,immig_history_share_zensus2022,2150,5.462796744186046,3.670314062951117,4.499499999999999,0.537,47.05
East,immigrated_share_zensus2022,2150,5.1262190697674415,3.3389453988999094,4.2925,0.537,40.265
East,turnout_2021_pct,2150,75.98265855886868,5.937983592739176,76.39729917875025,47.9166666666667,92.5806451612903
