sample,FE,bin,N_bin,beta,SE_Kreis,p_Kreis,SE_shelter,p_shelter
East,State_code,0-5,20,0.0,,,,
East,State_code,5-10,117,1.688693553392757,0.7630582040412155,0.030303984572259753,0.8762599045154728,0.06146060966459202
East,State_code,10-20,354,2.1116804021754905,0.8538919846608163,0.015941224624968435,0.9782218650098956,0.03725458019580715
East,State_code,20-40,671,2.0038263292412046,1.0200931501285853,0.05363869312132841,1.0640902075767718,0.06735316940482441
East,State_code,40+,988,3.084545276147134,1.067091237574467,0.005177776426832797,1.0000901454110633,0.0037921934691823914
East,Kreis_code,0-5,20,0.0,,,,
East,Kreis_code,5-10,117,1.9900315568610774,0.6796893509613956,0.004658987360208983,0.8012207592941886,0.01752678126536402
East,Kreis_code,10-20,354,1.5595905230623344,0.891629720010488,0.08484527520891186,0.9342774825038094,0.10327719611361567
East,Kreis_code,20-40,671,1.9347015023397467,0.9774056912701417,0.05187909679192508,1.0103733650431648,0.06306346754190321
East,Kreis_code,40+,988,1.3614927462367756,1.095038472207687,0.21807987585585345,1.1503859462522443,0.2439584355937727
East excluding MV municipalities,State_code,0-5,19,0.0,,,,
East excluding MV municipalities,State_code,5-10,103,1.5888898693056337,0.7914639793836523,0.04920301889418925,0.8669803341111048,0.07513283919952768
East excluding MV municipalities,State_code,10-20,315,2.4595168165316963,0.8832358675579755,0.007158518058317557,0.9759570861107884,0.016307442857981157
East excluding MV municipalities,State_code,20-40,559,2.6960582214879594,1.0124683612698284,0.009932010979058251,1.057355790241544,0.015179701274724575
East excluding MV municipalities,State_code,40+,504,2.923008281264189,1.1591241051849035,0.014350495297174089,1.0644453170714003,0.009356451478907327
East excluding MV municipalities,Kreis_code,0-5,19,0.0,,,,
East excluding MV municipalities,Kreis_code,5-10,103,1.9433171438144043,0.7162871995802413,0.008687917121653123,0.8715049700848119,0.03208499243969966
East excluding MV municipalities,Kreis_code,10-20,315,1.6898926472607183,0.9927060347803623,0.09387365924380713,1.0522673497573238,0.11702157844655091
East excluding MV municipalities,Kreis_code,20-40,559,2.154363253297218,1.1017248674287428,0.05519237932900756,1.169865366648258,0.0737925210266244
East excluding MV municipalities,Kreis_code,40+,504,1.6198119977646765,1.2607173732411643,0.2037885732186608,1.3783036460444138,0.24762066006287073
