sample,model,N,beta,SE_Kreis,p_Kreis,Kreis_clusters,SE_shelter,p_shelter,shelter_clusters,R2
Germany,Baseline | Land FE,10070,0.19061513859347273,0.2834302352379278,0.5016782179188075,361,0.26960690258269154,0.480709952715475,144,0.8265658689212506
Germany,Baseline | Kreis FE,10070,0.035705286318305475,0.1870167642181594,0.8486957028663918,361,0.1947245436713196,0.8547728972039712,144,0.8969976209534805
Germany,Population weighted | Land FE,10070,-0.18588909175987842,0.16719261661584703,0.2669549273433716,361,0.15360941044798884,0.22822123023964883,144,0.8772295629637015
Germany,Population weighted | Kreis FE,10070,0.13008079391460534,0.1571113916256698,0.40824583774896683,361,0.14499999562749633,0.37116862468254297,144,0.9431194133896773
Germany,Exclude coarse coordinates | Land FE,9373,0.2578393254082133,0.3014699133551333,0.39298633783326564,350,0.2922026418698759,0.3791531113176706,134,0.8244439431135767
Germany,Exclude coarse coordinates | Kreis FE,9373,0.08968793178988338,0.20145413326911754,0.6564492548439362,350,0.2107882997765679,0.6711685166898309,134,0.8951116232536789
Germany,Exclude sensitivity cases | Land FE,9956,0.1801158391272637,0.2892709908221616,0.5339092059379638,358,0.27200371874303025,0.5089357353301656,142,0.8263396970993665
Germany,Exclude sensitivity cases | Kreis FE,9956,0.022496482074327195,0.18661518360650592,0.9041151985898959,358,0.19628697124386763,0.9089171675647171,142,0.8974823268795868
Germany,Excluding MV municipalities | Land FE,9420,-0.09426772449507292,0.26236881037047377,0.7195894584678602,354,0.23430232472876628,0.6880392076145487,144,0.810827548519771
Germany,Excluding MV municipalities | Kreis FE,9420,0.03097244183602596,0.19367144312791354,0.8730335095199531,354,0.20850380946740024,0.8821210220831914,144,0.8888634099406114
Germany,District foreign-share control | Land FE,10070,0.13135317222603876,0.28320741454298265,0.6430673724062432,361,0.26613632632563666,0.622376974572805,144,0.822403549285899
