dimension,cluster,N_dropped,beta,delta_beta
shelter,DE-BE-17,32,1.3976588931174128,0.03396377709482867
shelter,DE-BB-04,62,1.405652053338303,0.04195693731571892
shelter,DE-BE-08,8,1.3868514368478886,0.0231563208253045
shelter,DE-BE-14,148,1.0571311711163907,-0.30656394490619343
shelter,DE-BB-03,45,1.3646996538268028,0.0010045378042187192
shelter,DE-BE-18,14,1.3798226238148756,0.01612750779229155
shelter,DE-SN-16,67,1.3560473261812735,-0.007647789841310537
shelter,DE-SN-10,26,1.3633991410801856,-0.00029597494239852473
shelter,DE-BE-16,28,1.3761782953928405,0.012483179370256448
shelter,DE-ST-01,71,1.3878436054352052,0.024148489412621155
shelter,DE-BB-02,34,1.4387200153307262,0.07502489930814216
shelter,DE-BE-10,15,1.3558394707842316,-0.007855645238352471
shelter,DE-BE-09,4,1.3674836242361654,0.003788508213581343
shelter,DE-BE-12,53,1.338521117454043,-0.02517399856854108
shelter,DE-BE-20,2,1.3630723132510998,-0.0006228027714842987
shelter,DE-ST-02,43,1.3696624819133032,0.005967365890719112
shelter,DE-MV-02,507,1.0958379788625503,-0.2678571371600338
shelter,DE-SH-02,8,1.3661198146066806,0.002424698584096552
shelter,DE-MV-01,19,1.3006628556722633,-0.06303226035032083
shelter,DE-SN-02,42,1.3574670160394586,-0.006228099983125457
shelter,DE-SN-14,68,1.4181308936617478,0.05443577763916374
shelter,DE-SN-03,48,1.408487406448638,0.044792290426053816
shelter,DE-SN-01,11,1.3495958492327766,-0.01409926678980744
shelter,DE-SN-04,3,1.368438779238634,0.00474366321605002
shelter,DE-SN-15,33,1.3433193728054462,-0.020375743217137865
shelter,DE-SN-06,13,1.3674281360646507,0.0037330200420666593
shelter,DE-SN-08,75,1.262444534529165,-0.10125058149341903
shelter,DE-TH-01,196,1.3934137082758928,0.02971859225330875
shelter,DE-SN-09,45,1.3494217226090375,-0.014273393413546609
shelter,DE-SN-07,12,1.357793629108556,-0.005901486914028142
shelter,DE-SN-12,30,1.3828948382545097,0.019199722231925564
shelter,DE-SN-13,31,1.3650109538957265,0.001315837873142378
shelter,DE-SN-11,18,1.365891227116997,0.002196111094412867
shelter,DE-NI-01,1,1.3714122390433603,0.0077171230207762065
shelter,DE-NI-03,5,1.3744284823430384,0.010733366320454296
shelter,DE-ST-04,21,1.3781657799845535,0.014470663961969388
shelter,DE-ST-03,71,1.3426336879385046,-0.021061428084079514
shelter,DE-TH-02,165,1.5702210017830105,0.2065258857604264
shelter,DE-NI-04,76,1.3068599590939074,-0.05683515692867669
Kreis,12051,1,1.3641981650883668,0.0005030490657826903
Kreis,12052,1,1.3633846597421426,-0.00031045628044146234
Kreis,12054,1,1.363837742952864,0.00014262693027999873
Kreis,12060,25,1.3853863935971888,0.02169127757460476
Kreis,12061,37,1.3819321655244023,0.01823704950181826
Kreis,12062,30,1.3752260573205328,0.011530941297948738
Kreis,12063,24,1.361431297706878,-0.00226381831570599
Kreis,12064,45,1.4149657076813744,0.05127059165879033
Kreis,12065,19,1.3637903256685495,9.52096459654328e-05
Kreis,12066,23,1.347427458863735,-0.016267657158849147
Kreis,12067,36,1.5320801154951331,0.16838499947254904
Kreis,12068,23,1.3809018169596265,0.017206700937042463
Kreis,12069,38,1.4007748067835895,0.03707969076100537
Kreis,12070,25,1.3739762652374452,0.010281149214861118
Kreis,12071,28,1.2960692556625775,-0.06762586036000662
Kreis,12072,15,1.355200870335056,-0.008494245687528101
Kreis,12073,30,1.3885799805237184,0.024884864501134363
Kreis,13003,1,1.3634243463254911,-0.00027076969709294296
Kreis,13071,125,1.2812838357006766,-0.08241128032190748
Kreis,13072,102,1.4461874549977691,0.08249233897518504
Kreis,13073,93,1.4290325882283896,0.06533747220580555
Kreis,13074,77,1.1916477229585412,-0.17204739306404293
Kreis,13075,125,0.9895895046684628,-0.37410561135412124
Kreis,13076,127,1.2765549465720376,-0.08714016945054648
Kreis,14521,58,1.439968166182578,0.07627305015999397
Kreis,14522,51,1.3200769977672073,-0.04361811825537676
Kreis,14523,37,1.3836263687154289,0.019931252692844792
Kreis,14524,32,1.2910419804205857,-0.07265313560199838
Kreis,14625,57,1.3197090640850475,-0.043986051937536574
Kreis,14626,52,1.2356574536803193,-0.12803766234226477
Kreis,14627,28,1.3524316601829318,-0.01126345583965227
Kreis,14628,35,1.4107252831664499,0.047030167143865764
Kreis,14729,29,1.3293227078057577,-0.03437240821682641
Kreis,14730,29,1.3531414534799113,-0.01055366254267276
Kreis,15001,1,1.364731499677706,0.0010363836551219308
Kreis,15002,1,1.3632060512978634,-0.0004890647247206559
Kreis,15081,13,1.415409970860847,0.05171485483826288
Kreis,15082,10,1.3612332689712026,-0.002461847051381527
Kreis,15083,34,1.3922957311822937,0.028600615159709575
Kreis,15084,33,1.3946135686414964,0.03091845261891235
Kreis,15085,18,1.3745787720549842,0.010883656032400157
Kreis,15086,8,1.357013913002312,-0.006681203020272086
Kreis,15087,22,1.3493993499848138,-0.014295766037770274
Kreis,15088,20,1.3657458474805395,0.0020507314579554237
Kreis,15089,21,1.3547543355366691,-0.008940780485914956
Kreis,15090,23,1.3463016642081378,-0.017393451814446292
Kreis,15091,9,1.3813320069028128,0.017636890880228684
Kreis,16051,1,1.3622228061060784,-0.0014723099165057096
Kreis,16052,1,1.3705890769773552,0.006893960954771128
Kreis,16053,1,1.3634286720212832,-0.00026644400130093615
Kreis,16055,1,1.370856716812015,0.007161600789430844
Kreis,16061,46,1.2372729497290818,-0.12642216629350234
Kreis,16062,14,1.3893532499984476,0.025658133975863473
Kreis,16063,29,1.3940240929458274,0.030328976923243323
Kreis,16064,21,1.3944035512703294,0.030708435247745358
Kreis,16065,23,1.368054445613599,0.0043593295910149266
Kreis,16066,31,1.3577021131945728,-0.005993002828011296
Kreis,16067,28,1.3781815057154625,0.01448638969287841
Kreis,16068,35,1.3180378420067933,-0.04565727401579078
Kreis,16069,20,1.488264503825634,0.12456938780304982
Kreis,16070,15,1.3760287513101486,0.012333635287564482
Kreis,16071,32,1.4210030241285732,0.05730790810598907
Kreis,16072,8,1.366445248891299,0.0027501328687149496
Kreis,16073,23,1.3448629976245623,-0.01883211839802179
Kreis,16074,57,1.358419952939311,-0.005275163083273027
Kreis,16075,37,1.3237961382637076,-0.03989897775887652
Kreis,16076,28,1.4054150041267965,0.041719888104212455
Kreis,16077,27,1.506867345124244,0.14317222910165994
